wt,pos,trace,trace_std
H,1,0.0,0.0
P,2,0.0,0.0
E,3,0.0,0.0
T,4,0.15524681802545579,0.2476865786128156
L,5,0.36809433342715075,0.28201911438125327
V,6,0.5937972828871672,0.1788549822437585
K,7,0.7333246749996986,0.1254798852037355
V,8,0.7852091522467751,0.11055817403105504
K,9,0.7739851487073522,0.13748153319987313
D,10,0.7078735394479438,0.14114432602815277
A,11,0.8554579651066392,0.1040222347574427
E,12,0.8964967265276862,0.11591087931732388
D,13,0.7302636569208449,0.14200154087010416
Q,14,0.697430546768109,0.1248778214652407
L,15,0.7904710480736865,0.10680619739805414
G,16,0.8323437437922901,0.11202682772686624
A,17,0.922949029384788,0.056106438547056124
R,18,0.8890654568170049,0.1194442143802779
V,19,0.8806157626754276,0.0775167119816293
G,20,0.9258826132587743,0.07832801594627985
Y,21,0.8746784141211388,0.10808469481603249
I,22,0.8130615539730159,0.10194805679211609
E,23,0.8054819543500727,0.09874826109782117
L,24,0.8014038402669106,0.1142775736584352
D,25,0.8886558687046641,0.06369252332397092
L,26,0.8632534219941677,0.08020566709126775
N,27,0.7731718564672192,0.11691357887000575
S,28,0.8209132855747475,0.10378799498571678
G,29,0.8851679116676088,0.06752016371876247
K,30,0.7852099284743316,0.11764868508197752
I,31,0.7872610679093719,0.11918886365987945
L,32,0.8014177016093493,0.09986136097470533
E,33,0.2477699777003183,0.3044598934073116
S,34,0.7932903121429504,0.12081388511070079
F,35,0.7754952060622408,0.1116761385948009
R,36,0.9076001625653329,0.09069471383487507
P,37,0.7810175401952559,0.11250798851518588
E,38,0.8328967021297752,0.07878544967638093
E,39,0.8890460756134132,0.14662596839402775
R,40,0.882913191040126,0.11384451051078007
F,41,0.9439704486260215,0.07225722507730313
P,42,0.8861590651126592,0.0720652611708444
M,43,0.8704133146993895,0.08231745140600473
M,44,0.9226841546601945,0.05531141805777686
S,45,0.9634568853918699,0.04560281580874284
T,46,0.9266334195448142,0.06108930438878188
F,47,0.9242196075114368,0.05027314035960222
K,48,0.9584568853918698,0.038692946916892686
V,49,0.8056998900091848,0.07446030035066525
L,50,0.887616354812983,0.07216878698257118
L,51,0.900514104787392,0.04368361212795024
C,52,0.8822274892925384,0.07625676842540868
G,53,0.8751897610884353,0.052464266173246725
A,54,0.8635120352195328,0.088213735265456
V,55,0.8532521665192616,0.08071211113630197
L,56,0.9542657089212817,0.042354962471249376
S,57,0.8243526772803931,0.0991520078575012
R,58,0.8483120533128948,0.11545178078420261
V,59,0.8408758814583959,0.1099583917980521
D,60,0.9009968617553759,0.07502668345368853
A,61,0.7687826079448438,0.08900449011002369
G,62,0.8917750215041238,0.07993051677069109
Q,63,0.7337928987264364,0.10876078800444883
E,64,0.871754235261605,0.08155958976920287
Q,65,0.7347572593684115,0.13850917972783833
L,66,0.9328705354672848,0.05142652416738238
G,67,0.7774787063828322,0.10738277892807054
R,68,0.8667438048707398,0.07877695940192996
R,69,0.8464788471089791,0.11554879689393942
I,70,0.835907618652268,0.07281046318467124
H,71,0.7898195629806548,0.10422849236704958
Y,72,0.8546147148644119,0.08174224326641202
S,73,0.7756985094555763,0.09737023464798847
Q,74,0.760587811685032,0.11905232204160238
N,75,0.7201295849160635,0.13856768170697736
D,76,0.8683905472303979,0.0674984289012008
L,77,0.854558040578198,0.07608912499058645
V,78,0.8466867444971833,0.07506794490111883
E,79,0.7734121786553139,0.1077191569923317
Y,80,0.8442459499975653,0.09560167386744782
S,81,0.8859131070803234,0.05806859468185031
P,82,0.952220254375827,0.04247482095895103
V,83,0.8354002438349257,0.08932786535925813
T,84,0.8573804462202969,0.06946875713224736
E,85,0.8295077253963038,0.09571285649540925
K,86,0.8146982126584026,0.11405097205096415
H,87,0.8657234672231644,0.08013505339024268
L,88,0.816908477528514,0.08482887762277055
T,89,0.8426751769341619,0.09224148812994898
D,90,0.7673221509723731,0.09353692079255091
G,91,0.8157038896327498,0.11430932644262563
M,92,0.889953880697756,0.06999745946374125
T,93,0.8578188739664039,0.08007155857921609
V,94,0.8480514295085572,0.0976273847451007
R,95,0.8031640495166877,0.09911316828494818
E,96,0.8739706448821067,0.08200195171873341
L,97,0.9372761706817435,0.07646975297458046
C,98,0.9269662759728717,0.05733277117481601
S,99,0.8087708205518478,0.0880028010708818
A,100,0.946974756409741,0.05323821972175223
A,101,0.8806217347959173,0.08711477129275284
I,102,0.8266251811782839,0.09457465166566735
T,103,0.8526492467576396,0.09507858006545222
M,104,0.8079517875784197,0.10611638044140037
S,105,0.9746357014158873,0.03798136815202947
D,106,0.979150304459902,0.03585609545927572
N,107,0.9547967546729156,0.03906409648901157
T,108,0.8733487426297698,0.07584244378913417
A,109,0.9663023680825539,0.040897723588759344
A,110,0.8906920206220246,0.06500716680388081
N,111,0.967804150613748,0.04587651530100059
L,112,0.8996695793662074,0.07454133502141448
L,113,0.9111559242682208,0.06268049362484814
L,114,0.9100772251260205,0.06463619971046947
T,115,0.7752669269342106,0.114086190542187
T,116,0.8241071033556564,0.10111383728494674
I,117,0.8440805676390882,0.08808596362440961
G,118,0.9689915743011721,0.04540865488829702
G,119,0.9318513360228262,0.08509185494413304
P,120,0.9265450034141984,0.07945234731517356
K,121,0.7977214279080277,0.10993598767526733
E,122,0.832490049454143,0.09530527092456006
L,123,0.8696930459013176,0.06683916678664122
T,124,0.934873763147757,0.06105543154106026
A,125,0.7847148919603153,0.08983045841109331
F,126,0.8564774769957163,0.10375160631883404
L,127,0.8551128956594025,0.08002538560379611
H,128,0.9075527589885175,0.0841168788860195
N,129,0.7832996157048857,0.10074670082367258
M,130,0.8160733100935349,0.08844265252813181
G,131,0.9558298800442764,0.05084625410855982
D,132,0.959580340110526,0.056328347191168665
H,133,0.7633834259434946,0.12086704923857673
V,134,0.8055895428400139,0.09368148964704145
T,135,0.9297987482933303,0.05700368701449664
R,136,0.9230622867395988,0.06359984962906229
L,137,0.9273725122486732,0.062361837913103756
D,138,0.9334056376200339,0.0844100418716972
R,139,0.9472967546729159,0.054012854510723025
W,140,0.7926746119788588,0.09760515603463614
E,141,0.9667459982398062,0.046775658874344726
P,142,0.9129462616846521,0.073492918918718
E,143,0.8161060927787608,0.10729219534897319
L,144,0.9199727796283522,0.09890958754418636
N,145,0.9388869210424937,0.06802632537160822
E,146,0.8207189140184834,0.12762238994765845
A,147,0.8847903950829986,0.060701084167626776
I,148,0.7559660669007486,0.10866901034698896
P,149,0.849306347116786,0.08546972954436519
N,150,0.8596412899517288,0.07461377666690763
D,151,0.9343793775771498,0.041975918343737394
E,152,0.8615828161981749,0.07674401847561677
R,153,0.9353256045527886,0.052372248076579975
D,154,0.9735775490419455,0.03652037796650197
T,155,0.9376358956660814,0.09560918117836009
T,156,0.9433573607335217,0.055150523597746144
M,157,0.885024627150418,0.06164689496132772
P,158,0.9543147285291249,0.05049381801788079
A,159,0.775582410384369,0.0955751208469809
A,160,0.9176323783155121,0.06915252156248108
M,161,0.9365824689586301,0.058328914102106284
A,162,0.8558607211053705,0.08134508344346862
T,163,0.755150075186924,0.11066141588649311
T,164,0.8409964157340992,0.09196525895316351
L,165,0.8879231877924502,0.0631126724358493
R,166,0.8030078546623507,0.11376796770116812
K,167,0.7628909694088387,0.11388827535647378
L,168,0.8742822241286031,0.08519950594381637
L,169,0.8338711202237586,0.08322042399339426
T,170,0.8339832388525013,0.126551527448995
G,171,0.9118107670623152,0.05800008283723444
E,172,0.7779695614170309,0.12267402325891605
L,173,0.8058596476921622,0.08602400354262041
L,174,0.944661048875445,0.0639181875269421
T,175,0.8111044832659452,0.11680099749109946
L,176,0.7520644912549947,0.11804423685068983
A,177,0.7601629862524667,0.12261917864457428
S,178,0.8877496959935713,0.053778223946499774
R,179,0.8932463301232652,0.08364861078078026
Q,180,0.7450631432849766,0.11690928425993082
Q,181,0.8161319396753172,0.10536466020094576
L,182,0.9315146487163245,0.052976869304254624
I,183,0.8132275605670409,0.10459807260616742
D,184,0.7583314354503277,0.11953982249751213
W,185,0.9488735520585367,0.05640901966896079
M,186,0.8753187600564434,0.06979825241223743
E,187,0.7895139539122581,0.14284498410927315
A,188,0.814801081140932,0.11676101985173759
D,189,0.8585608426212815,0.05913350797254246
K,190,0.8331315081734049,0.11476114397021446
V,191,0.9229769568237062,0.05633108129180305
A,192,0.9117599793567285,0.0979573347656631
G,193,0.7869416040167486,0.1160147925992065
P,194,0.7879760448716565,0.09367991483300564
L,195,0.9036306161794115,0.05677374685518173
L,196,0.8936007696592905,0.07383267172656201
R,197,0.9289107204173161,0.057525756565812595
S,198,0.9157903985419467,0.08667661693598075
A,199,0.9128266925712746,0.07012716666949309
L,200,0.8667478105269193,0.08701492718754585
P,201,0.9408646706750424,0.048884917472284455
A,202,0.718452870752137,0.11142408147984836
G,203,0.8250795601214568,0.06759682463123039
W,204,0.9363869210424939,0.07376154518972862
F,205,0.7814406903165485,0.10491539675505991
I,206,0.877684497454655,0.06788307902285172
A,207,0.9196108397965983,0.04766837219881395
D,208,0.9161866953659255,0.045432078494413566
K,209,0.9579174351620171,0.05265548182765728
S,210,0.9328778454088053,0.05936125323214609
G,211,0.969967923373496,0.04543913284339639
A,212,0.8770019365515058,0.07346573541045723
G,213,0.9114688503566549,0.05549720703046762
E,214,0.7712168643601205,0.10899260166558356
R,215,0.8124258906167643,0.09473079096557999
G,216,0.9097975296864783,0.0929324728565221
S,217,0.856044258253674,0.07682941926288132
R,218,0.8459555167353997,0.08908987018719941
G,219,0.881516971814623,0.05098606356007671
I,220,0.9418763520621105,0.05921439758504524
I,221,0.8302708316234699,0.07661351471539103
A,222,0.9000991813782904,0.0588244722414003
A,223,0.8315809585450522,0.08911652039378384
L,224,0.8390766194888555,0.08280700464751369
G,225,0.870197273281302,0.09855692783756975
P,226,0.8612269373512476,0.08988402872571277
D,227,0.84606904363416,0.0914110017849017
G,228,0.7612853977023111,0.12793396864534085
K,229,0.8418382919409302,0.07270813317447769
P,230,0.7757612610314858,0.11695735491803348
S,231,0.8956782272258783,0.07766937144569466
R,232,0.8215204072112808,0.09250315813453171
I,233,0.8300855613777947,0.09515963500660075
V,234,0.801557967690018,0.08724216679455986
V,235,0.8371784260182766,0.07541540982491254
I,236,0.8377325284234022,0.09200270233664505
Y,237,0.9018053558069038,0.06610234688823825
T,238,0.8494504843804884,0.07761065289662818
T,239,0.8493894751283027,0.09218667192564378
G,240,0.7945107093927595,0.09094415214675668
S,241,0.7812759011153816,0.10588065254196244
Q,242,0.7213287416469204,0.13903538487352518
A,243,0.7799064737591122,0.11004856238191409
T,244,0.7644242118577493,0.10141940256986924
M,245,0.7448371872552448,0.12100726902896228
D,246,0.7335148150222521,0.11614683523019217
E,247,0.7566498628837098,0.11205622821464824
R,248,0.8177669157654688,0.09062037098326517
N,249,0.7828498461014615,0.1105861004667429
R,250,0.8119814711208238,0.08472897648548051
Q,251,0.7999068131917438,0.09968176102693124
I,252,0.8381380542701045,0.07426171795041792
A,253,0.8911410465702767,0.07670018443423754
E,254,0.7616997623941695,0.13930696353871044
I,255,0.8521279209677717,0.09195476895385278
G,256,0.847741597441759,0.09478392996276302
A,257,0.756544806541778,0.14783955479868854
S,258,0.7620043466464587,0.12125091345028526
L,259,0.7856806550077853,0.09747837003785327
I,260,0.6884276775071297,0.10989183014226088
K,261,0.43868123362705413,0.23292822888808434
H,262,0.14058268442943367,0.2656456777766786
W,263,0.12012813897488821,0.25987031172145336
